价格-->100,项目名称-->微信小程序开发商城定制生鲜配送外卖同城社交婚恋直播考试测评,评论数-->0,人才所在地-->济南
价格-->3580,项目名称-->微信saas商城公众号NFT数字藏品前端小程序后端定制开发,评论数-->1000+,人才所在地-->重庆
价格-->999,项目名称-->微信小程序saas商城分销外卖直播抖音微信小程序开发公众号,评论数-->17,人才所在地-->成都
价格-->1888,项目名称-->微信小程序软件开发外包PYTHON分销商城物联网定制SAAS,评论数-->0,人才所在地-->成都
价格-->1890,项目名称-->app软件开发SaaS医疗NFT商城直播教育物联网外包公司,评论数-->53,人才所在地-->大连
价格-->1288,项目名称-->小程序微信H5开发区块链SAAS数字藏品教育医疗电商系统外包,评论数-->0,人才所在地-->成都
价格-->5980,项目名称-->软件开发定制/APP/小程序/ERP/HR系统/SAAS系统,评论数-->0,人才所在地-->无
价格-->290,项目名称-->saas支付宝微信公众号小程序商城H5python开发定制作,评论数-->0,人才所在地-->合肥
价格-->1800,项目名称-->saas支付宝微信公众号小程序商城H5python开发定制作,评论数-->0,人才所在地-->上海
价格-->1888,项目名称-->APP教育商城saas医疗ios安卓java成品软件开发外包,评论数-->59,人才所在地-->临沂
价格-->1250,项目名称-->物联网Java数字孪生PHP后台管理系统SaaS软件开发定制,评论数-->9,人才所在地-->深圳
价格-->5万,项目名称-->软件开发/OA/软件定制开发/sasa软件/原生混合/物联网,评论数-->0,人才所在地-->无
价格-->1800,项目名称-->支付宝微信公众号小程序商城H5python开发定制作,评论数-->0,人才所在地-->上海
价格-->1980,项目名称-->微信抖音支付宝sasa模板小程序成品分销商城h5源码定制开发,评论数-->1000+,人才所在地-->滨州
价格-->1500,项目名称-->微信小程序开发微信商城sasa支付宝微信公众号定制H5,评论数-->11,人才所在地-->上海
价格-->1629,项目名称-->APP开发商城教育医疗代驾家政外卖sasa软件系统定制作外包,评论数-->72,人才所在地-->郑州
价格-->1888,项目名称-->APP教育商城sasa医疗ios安卓java成品软件开发外包,评论数-->59,人才所在地-->临沂
价格-->1250,项目名称-->物联网Java数字孪生PHP后台管理系统sasa软件开发定制,评论数-->9,人才所在地-->深圳
价格-->1888,项目名称-->微信公众号小程序sasa商城H5python定制作开发外包,评论数-->20,人才所在地-->合肥
价格-->4200,项目名称-->微信小程序开发sasa定制设计php公众号H5盲盒交友算法c,评论数-->0,人才所在地-->广州
价格-->1800,项目名称-->商城小程序开发成品源码模板点餐公众号sasa分销积分商城定制,评论数-->0,人才所在地-->无
价格-->1980,项目名称-->仓储物流软件出入库数据库IT开发定制sasa企业管理系统平台,评论数-->2,人才所在地-->滨州
价格-->1889,项目名称-->微信小程序开发sasa定制设计php公众号H5盲盒交友算法c,评论数-->0,人才所在地-->无
价格-->1400,项目名称-->支付宝微信公众号小程序商城H5python开发定制作,评论数-->2,人才所在地-->重庆
价格-->1890,项目名称-->app软件开发sasa医疗NFT商城直播教育物联网外包公司,评论数-->53,人才所在地-->大连
价格-->1888,项目名称-->小程序电商系统开发（微信支付宝抖音百度H5公众号商城,评论数-->0,人才所在地-->无
价格-->1000,项目名称-->原生app定制开发sasa软件程序大数据前后端开发物联网外包,评论数-->0,人才所在地-->无
价格-->5000,项目名称-->ERP系统sasa平台CRM管理客户系统定制开发MES生产,评论数-->0,人才所在地-->无
价格-->999,项目名称-->微信PHP商城sasa前端小程序H5小游戏后端定制开发,评论数-->0,人才所在地-->无
价格-->5000,项目名称-->APP开发定制ios设计sasa电商城教育d播直应用成品工具,评论数-->0,人才所在地-->广州
价格-->1000,项目名称-->仓储物流软件出入库数据库IT开发定制sasa企业管理系统平台,评论数-->0,人才所在地-->无
价格-->1999,项目名称-->仓储物流软件出入库数据库IT开发定制sasa企业管理系统平台,评论数-->0,人才所在地-->无
价格-->1.99万,项目名称-->网站建设企业管理系统sasa/OA/ERP/CRM软件开发,评论数-->0,人才所在地-->无
价格-->1.99万,项目名称-->企业办公OA系统/ERP/网站建设/sasa/ERP企业管理,评论数-->0,人才所在地-->无
价格-->6324,项目名称-->微信sasa平台分销积分商城定制软件开发小程序后端,评论数-->0,人才所在地-->无
价格-->380,项目名称-->系统界面软件ui后台管理网页设计sasa设计erp设计网站,评论数-->0,人才所在地-->无
价格-->5000,项目名称-->直播卖房APP定制开发社交软件同城交友聊天sasa系统,评论数-->0,人才所在地-->无
价格-->500,项目名称-->前端html代码切图页面开发软件大屏硬件触摸屏展示,评论数-->5,人才所在地-->南昌
价格-->500,项目名称-->北京CRM|OA|sasa会员管理系统|进库存系统|定制餐饮,评论数-->0,人才所在地-->无
价格-->4500,项目名称-->平台丨sasa管理系统开发丨商城小程序网站定制开发,评论数-->0,人才所在地-->无
价格-->300,项目名称-->仓储物流软件出入库数据库IT开发定制sasa企业管理系统平台,评论数-->0,人才所在地-->无
价格-->480,项目名称-->管理软件界面区块链ui进销存sasa界面ERP设计办公ui,评论数-->0,人才所在地-->无
价格-->1万,项目名称-->物业贝贝app互联网物业app智慧社区sasa平台物业服务,评论数-->0,人才所在地-->无
价格-->498,项目名称-->餐饮娱乐工业制造行业erp管理sasa后台系统ui界面设计,评论数-->0,人才所在地-->无
价格-->1288,项目名称-->app小程序开发APP系统开发软件sasa后端python,评论数-->0,人才所在地-->无
价格-->498,项目名称-->电商零售百货政府服务erp管理sasa后台系统ui界面设计,评论数-->0,人才所在地-->无
价格-->1899,项目名称-->app开发企业管理软件开发sasa工具软件考勤财务系统定制,评论数-->0,人才所在地-->无
价格-->5999,项目名称-->盲盒抽奖小程序开发定制积分兑换微商城电商分销小程序,评论数-->0,人才所在地-->无
价格-->1.28万,项目名称-->名宿酒店APP开发定制票务预订App旅游管理系统sasa软件,评论数-->0,人才所在地-->无
价格-->2000,项目名称-->微信抖音支付宝sasa模板小程序成品分销商城h5源码定制开发,评论数-->0,人才所在地-->无
